Workbook
Name list_project: 목록!$B$3:$B$3
Name list_exec: 목록!$C$3:$C$5
Name list_state: 목록!$D$3:$D$7
Name list_status: 목록!$E$3:$E$7
Name list_priority: 목록!$F$3:$F$5
Name list_frequency: 목록!$G$3:$G$6
Name list_version: 목록!$H$3:$H$6
Name list_resolution: 목록!$I$3:$I$10
Name list_env: 목록!$J$3:$J$3
Name list_label: 목록!$K$3:$K$12
Name list_reporter: 목록!$L$3:$L$3
Name list_assignee: 목록!$M$3:$M$3
Name list_sprint: 목록!$N$3:$N$4

Sheet Test Case
B2: qa-lab-miyonchat-tree-v1.13 | F2: miyonchat TC
B3: No | C3: 1-Depth | D3: 2-Depth | E3: 3-Depth | F3: Pre-Condition | G3: TN | H3: Test-Step | I3: Expected-Result | J3: 실행 주체 | K3: Priority | L3: Total Result | M3: Result | N3: Issue No. | O3: Comment | P3: Note | Q3: TC ID | R3: 검증유형 | S3: 상태
L4: Web | M4: Web
B5: OS | N5: ※ 노란색 셀은 실행 단계에서 채워집니다 — 환경 정보 / Result / Issue No. / Comment ※ 수행 전 참고사항은 전부 Note에 있습니다 — 설계 데이터는 노란 칸에 두지 않습니다
B6: 단말 | M6: Chrome
B7: 버전
B8: 작업자 이름
B9: 작업 시작일
B10: =ROW()-9 | C10: 웹 진입 | D10: 진입 분기 | E10: 미로그인 첫 진입 | F10: 미로그인 상태 | G10: 1 | H10: SUT 주소 진입한다 | I10: 로그인 화면 없이 홈 화면 노출된다 | J10: 공통 | K10: High | L10: =IF(COUNTIF(M10:M10,"Fail")>0,"Fail",IF(COUNTIF(M10:M10,"Blocked")>0,"Blocked",IF(COUNTIF(M10:M10,"NI")>0,"NI",IF(COUNTIF(M10:M10,"Pass")>0,"Pass","")))) | P10: 상태는 디버그 콘솔 상태 스위처 「미로그인」으로 만들고 [저장]합니다. 미로그인 열람 범위의 정본은 system-spec §1-1입니다 | Q10: TC-ENT-001 | R10: 결정적 | S10: 미로그인
B11: =ROW()-9 | C11: 웹 진입 | D11: 진입 분기 | E11: 미로그인 첫 진입 | G11: 2 | H11: 상단 바 확인한다 | I11: 재화 잔액 노출되지 않는다 | J11: 공통 | K11: High | L11: =IF(COUNTIF(M11:M11,"Fail")>0,"Fail",IF(COUNTIF(M11:M11,"Blocked")>0,"Blocked",IF(COUNTIF(M11:M11,"NI")>0,"NI",IF(COUNTIF(M11:M11,"Pass")>0,"Pass","")))) | Q11: TC-ENT-001 | R11: 결정적 | S11: 미로그인
B12: =ROW()-9 | C12: 웹 진입 | D12: 진입 분기 | E12: 미로그인 첫 진입 | I12: 간편 프로필 자리에 로그인 버튼 노출된다 | J12: 공통 | K12: High | L12: =IF(COUNTIF(M12:M12,"Fail")>0,"Fail",IF(COUNTIF(M12:M12,"Blocked")>0,"Blocked",IF(COUNTIF(M12:M12,"NI")>0,"NI",IF(COUNTIF(M12:M12,"Pass")>0,"Pass","")))) | Q12: TC-ENT-001 | R12: 결정적 | S12: 미로그인
B13: =ROW()-9 | C13: 웹 진입 | D13: 진입 분기 | E13: 로그인 상태 진입 분기 | F13: 계정 A(성인 인증)로 로그인한 상태 | G13: 1 | H13: SUT 주소 재진입한다 | I13: 로그인 화면 없이 홈 화면 노출된다 | J13: 공통 | K13: Medium | L13: =IF(COUNTIF(M13:M13,"Fail")>0,"Fail",IF(COUNTIF(M13:M13,"Blocked")>0,"Blocked",IF(COUNTIF(M13:M13,"NI")>0,"NI",IF(COUNTIF(M13:M13,"Pass")>0,"Pass","")))) | P13: 상태 스위처 「로그인 (성인 인증)」으로 만듭니다. 이 케이스는 상태에 따른 화면 분기를 보는 것이고, 새로고침을 견디는지는 TC-ENT-011이 따로 봅니다 | Q13: TC-ENT-002 | R13: 결정적 | S13: 성인 인증
B14: =ROW()-9 | C14: 웹 진입 | D14: 진입 분기 | E14: 로그인 상태 진입 분기 | G14: 2 | H14: 상단 바 확인한다 | I14: 재화 잔액 노출된다 | J14: 공통 | K14: Medium | L14: =IF(COUNTIF(M14:M14,"Fail")>0,"Fail",IF(COUNTIF(M14:M14,"Blocked")>0,"Blocked",IF(COUNTIF(M14:M14,"NI")>0,"NI",IF(COUNTIF(M14:M14,"Pass")>0,"Pass","")))) | Q14: TC-ENT-002 | R14: 결정적 | S14: 성인 인증
B15: =ROW()-9 | C15: 웹 진입 | D15: 진입 분기 | E15: 로그인 상태 진입 분기 | I15: 간편 프로필 노출된다 | J15: 공통 | K15: Medium | L15: =IF(COUNTIF(M15:M15,"Fail")>0,"Fail",IF(COUNTIF(M15:M15,"Blocked")>0,"Blocked",IF(COUNTIF(M15:M15,"NI")>0,"NI",IF(COUNTIF(M15:M15,"Pass")>0,"Pass","")))) | Q15: TC-ENT-002 | R15: 결정적 | S15: 성인 인증
B16: =ROW()-9 | C16: 웹 진입 | D16: 진입 분기 | E16: 세션 만료 후 재진입 | F16: 계정 A로 로그인한 뒤 세션이 만료된 상태 | G16: 1 | H16: SUT 주소 재진입한다 | I16: 만료 안내 모달 노출된다 | J16: 공통 | K16: High | L16: =IF(COUNTIF(M16:M16,"Fail")>0,"Fail",IF(COUNTIF(M16:M16,"Blocked")>0,"Blocked",IF(COUNTIF(M16:M16,"NI")>0,"NI",IF(COUNTIF(M16:M16,"Pass")>0,"Pass","")))) | P16: 만료는 상태 스위처 「세션 만료」로 만듭니다. 모달을 닫으면 미로그인이 되므로 만료 상태에서의 동작 차단은 TC-ENT-004가 대화방에서 봅니다 | Q16: TC-ENT-003 | R16: 결정적 | S16: 세션 만료
B17: =ROW()-9 | C17: 웹 진입 | D17: 진입 분기 | E17: 세션 만료 후 재진입 | G17: 2 | H17: 만료 안내 확인한다 | I17: 미로그인 상태의 홈 화면으로 복귀된다 | J17: 공통 | K17: High | L17: =IF(COUNTIF(M17:M17,"Fail")>0,"Fail",IF(COUNTIF(M17:M17,"Blocked")>0,"Blocked",IF(COUNTIF(M17:M17,"NI")>0,"NI",IF(COUNTIF(M17:M17,"Pass")>0,"Pass","")))) | Q17: TC-ENT-003 | R17: 결정적 | S17: 세션 만료
B18: =ROW()-9 | C18: 웹 진입 | D18: 진입 분기 | E18: 세션 만료 후 재진입 | G18: 3 | H18: 상단 바 확인한다 | I18: 재화 잔액 노출되지 않는다 | J18: 공통 | K18: High | L18: =IF(COUNTIF(M18:M18,"Fail")>0,"Fail",IF(COUNTIF(M18:M18,"Blocked")>0,"Blocked",IF(COUNTIF(M18:M18,"NI")>0,"NI",IF(COUNTIF(M18:M18,"Pass")>0,"Pass","")))) | Q18: TC-ENT-003 | R18: 결정적 | S18: 세션 만료
B19: =ROW()-9 | C19: 웹 진입 | D19: 진입 분기 | E19: 세션 만료 후 재진입 | I19: 간편 프로필 자리에 로그인 버튼 노출된다 | J19: 공통 | K19: High | L19: =IF(COUNTIF(M19:M19,"Fail")>0,"Fail",IF(COUNTIF(M19:M19,"Blocked")>0,"Blocked",IF(COUNTIF(M19:M19,"NI")>0,"NI",IF(COUNTIF(M19:M19,"Pass")>0,"Pass","")))) | Q19: TC-ENT-003 | R19: 결정적 | S19: 세션 만료
B20: =ROW()-9 | C20: 웹 진입 | D20: 주소 직접 진입 | E20: 로그인 상태 로그인 필요 화면 직접 진입 | F20: 계정 A로 로그인한 상태 | G20: 1 | H20: MY 탭 주소로 새로 진입한다 | I20: 로그인 화면 없이 MY 탭 노출된다 | J20: 공통 | K20: Medium | L20: =IF(COUNTIF(M20:M20,"Fail")>0,"Fail",IF(COUNTIF(M20:M20,"Blocked")>0,"Blocked",IF(COUNTIF(M20:M20,"NI")>0,"NI",IF(COUNTIF(M20:M20,"Pass")>0,"Pass","")))) | P20: 주소 끝에 `?screen=s6`을 붙입니다. 세션 지속으로 계정 스코프가 복원되므로 가드가 통과시킵니다 — 복원이 가드보다 늦으면 로그인 상태인데도 튕겨 나갑니다(§1-3) | Q20: TC-ENT-005 | R20: 결정적 | S20: 성인 인증
B21: =ROW()-9 | C21: 웹 진입 | D21: 주소 직접 진입 | E21: 로그인 필요 화면 차단과 로그인 후 복귀 | F21: 미로그인 상태 | G21: 1 | H21: 대화방 주소로 직접 진입한다 | I21: 대화방 노출되지 않는다 | J21: 공통 | K21: High | L21: =IF(COUNTIF(M21:M21,"Fail")>0,"Fail",IF(COUNTIF(M21:M21,"Blocked")>0,"Blocked",IF(COUNTIF(M21:M21,"NI")>0,"NI",IF(COUNTIF(M21:M21,"Pass")>0,"Pass","")))) | P21: 주소 끝에 `?screen=s4`를 붙입니다. 뒤에 깔 화면이 없는 경우라 모달이 아니라 로그인 화면이 뜨는 자리입니다(system-spec §1-1) | Q21: TC-GAT-001 | R21: 금칙 | S21: 미로그인
B22: =ROW()-9 | C22: 웹 진입 | D22: 주소 직접 진입 | E22: 로그인 필요 화면 차단과 로그인 후 복귀 | I22: 로그인 모달이 아니라 로그인 화면 노출된다 | J22: 공통 | K22: High | L22: =IF(COUNTIF(M22:M22,"Fail")>0,"Fail",IF(COUNTIF(M22:M22,"Blocked")>0,"Blocked",IF(COUNTIF(M22:M22,"NI")>0,"NI",IF(COUNTIF(M22:M22,"Pass")>0,"Pass","")))) | Q22: TC-GAT-001 | R22: 금칙 | S22: 미로그인
B23: =ROW()-9 | C23: 웹 진입 | D23: 주소 직접 진입 | E23: 로그인 필요 화면 차단과 로그인 후 복귀 | G23: 2 | H23: 로그인 화면에서 계정 A 선택한다 | I23: 원래 열려던 대화방으로 복귀된다 | J23: 공통 | K23: High | L23: =IF(COUNTIF(M23:M23,"Fail")>0,"Fail",IF(COUNTIF(M23:M23,"Blocked")>0,"Blocked",IF(COUNTIF(M23:M23,"NI")>0,"NI",IF(COUNTIF(M23:M23,"Pass")>0,"Pass","")))) | Q23: TC-GAT-001 | R23: 금칙 | S23: 미로그인
B24: =ROW()-9 | C24: 웹 진입 | D24: 주소 직접 진입 | E24: 채팅 탭 차단 | F24: 미로그인 상태 | G24: 1 | H24: 채팅 탭 주소로 직접 진입한다 | I24: 채팅 탭 노출되지 않는다 | J24: 공통 | K24: High | L24: =IF(COUNTIF(M24:M24,"Fail")>0,"Fail",IF(COUNTIF(M24:M24,"Blocked")>0,"Blocked",IF(COUNTIF(M24:M24,"NI")>0,"NI",IF(COUNTIF(M24:M24,"Pass")>0,"Pass","")))) | P24: 주소 끝에 `?screen=s5`를 붙입니다. 로그인 필요 화면마다 케이스를 나눈 것은 하나만 뚫렸을 때 어느 화면인지 TC ID로 읽히게 하기 위해서입니다 | Q24: TC-GAT-002 | R24: 금칙 | S24: 미로그인
B25: =ROW()-9 | C25: 웹 진입 | D25: 주소 직접 진입 | E25: 채팅 탭 차단 | I25: 로그인 화면 노출된다 | J25: 공통 | K25: High | L25: =IF(COUNTIF(M25:M25,"Fail")>0,"Fail",IF(COUNTIF(M25:M25,"Blocked")>0,"Blocked",IF(COUNTIF(M25:M25,"NI")>0,"NI",IF(COUNTIF(M25:M25,"Pass")>0,"Pass","")))) | Q25: TC-GAT-002 | R25: 금칙 | S25: 미로그인
B26: =ROW()-9 | C26: 웹 진입 | D26: 주소 직접 진입 | E26: MY 탭 차단 | F26: 미로그인 상태 | G26: 1 | H26: MY 탭 주소로 직접 진입한다 | I26: MY 탭 노출되지 않는다 | J26: 공통 | K26: High | L26: =IF(COUNTIF(M26:M26,"Fail")>0,"Fail",IF(COUNTIF(M26:M26,"Blocked")>0,"Blocked",IF(COUNTIF(M26:M26,"NI")>0,"NI",IF(COUNTIF(M26:M26,"Pass")>0,"Pass","")))) | P26: 주소 끝에 `?screen=s6`을 붙입니다. 로그인 상태에서 같은 주소가 열리는 것은 TC-ENT-005가 봅니다 | Q26: TC-GAT-003 | R26: 금칙 | S26: 미로그인
B27: =ROW()-9 | C27: 웹 진입 | D27: 주소 직접 진입 | E27: MY 탭 차단 | I27: 로그인 화면 노출된다 | J27: 공통 | K27: High | L27: =IF(COUNTIF(M27:M27,"Fail")>0,"Fail",IF(COUNTIF(M27:M27,"Blocked")>0,"Blocked",IF(COUNTIF(M27:M27,"NI")>0,"NI",IF(COUNTIF(M27:M27,"Pass")>0,"Pass","")))) | Q27: TC-GAT-003 | R27: 금칙 | S27: 미로그인
B28: =ROW()-9 | C28: 웹 진입 | D28: 주소 직접 진입 | E28: 내 작품 탭 차단 | F28: 미로그인 상태 | G28: 1 | H28: 내 작품 탭 주소로 직접 진입한다 | I28: 내 작품 탭 노출되지 않는다 | J28: 공통 | K28: High | L28: =IF(COUNTIF(M28:M28,"Fail")>0,"Fail",IF(COUNTIF(M28:M28,"Blocked")>0,"Blocked",IF(COUNTIF(M28:M28,"NI")>0,"NI",IF(COUNTIF(M28:M28,"Pass")>0,"Pass","")))) | P28: 주소 끝에 `?screen=s8`을 붙입니다. 내 작품 탭은 스텁이지만 로그인 필요 화면이라 차단은 걸립니다 | Q28: TC-GAT-004 | R28: 금칙 | S28: 미로그인
B29: =ROW()-9 | C29: 웹 진입 | D29: 주소 직접 진입 | E29: 내 작품 탭 차단 | I29: 로그인 화면 노출된다 | J29: 공통 | K29: High | L29: =IF(COUNTIF(M29:M29,"Fail")>0,"Fail",IF(COUNTIF(M29:M29,"Blocked")>0,"Blocked",IF(COUNTIF(M29:M29,"NI")>0,"NI",IF(COUNTIF(M29:M29,"Pass")>0,"Pass","")))) | Q29: TC-GAT-004 | R29: 금칙 | S29: 미로그인
B30: =ROW()-9 | C30: 웹 진입 | D30: 주소 직접 진입 | E30: 홈 화면 통과 | F30: 미로그인 상태 | G30: 1 | H30: 홈 화면 주소로 직접 진입한다 | I30: 로그인 화면 없이 홈 화면 노출된다 | J30: 공통 | K30: Medium | L30: =IF(COUNTIF(M30:M30,"Fail")>0,"Fail",IF(COUNTIF(M30:M30,"Blocked")>0,"Blocked",IF(COUNTIF(M30:M30,"NI")>0,"NI",IF(COUNTIF(M30:M30,"Pass")>0,"Pass","")))) | P30: 주소 끝에 `?screen=s2`를 붙입니다. 차단이 미로그인 열람 화면까지 과하게 걸리지 않는지를 보는 자리라 위 차단 케이스들과 함께 읽습니다 | Q30: TC-GAT-005 | R30: 결정적 | S30: 미로그인
B31: =ROW()-9 | C31: 웹 진입 | D31: 주소 직접 진입 | E31: 커뮤니티 탭 통과 | F31: 미로그인 상태 | G31: 1 | H31: 커뮤니티 탭 주소로 직접 진입한다 | I31: 로그인 화면 없이 커뮤니티 탭 노출된다 | J31: 공통 | K31: Medium | L31: =IF(COUNTIF(M31:M31,"Fail")>0,"Fail",IF(COUNTIF(M31:M31,"Blocked")>0,"Blocked",IF(COUNTIF(M31:M31,"NI")>0,"NI",IF(COUNTIF(M31:M31,"Pass")>0,"Pass","")))) | P31: 주소 끝에 `?screen=s7`을 붙입니다. 커뮤니티 탭은 전시용 정적이지만 미로그인 열람 화면이라 통과합니다 | Q31: TC-GAT-006 | R31: 결정적 | S31: 미로그인
B32: =ROW()-9 | C32: 웹 진입 | D32: 주소 직접 진입 | E32: 만료 상태 보호 화면 직접 진입 | F32: 계정 A로 로그인한 뒤 세션이 만료된 상태 | G32: 1 | H32: MY 탭 주소로 직접 진입한다 | I32: MY 탭 노출되지 않는다 | J32: 공통 | K32: High | L32: =IF(COUNTIF(M32:M32,"Fail")>0,"Fail",IF(COUNTIF(M32:M32,"Blocked")>0,"Blocked",IF(COUNTIF(M32:M32,"NI")>0,"NI",IF(COUNTIF(M32:M32,"Pass")>0,"Pass","")))) | P32: 구현의 판정은 로그인 여부 하나라 만료도 미로그인과 같은 차단을 받습니다. 주소는 `?screen=s6`이며 만료는 상태 스위처로 만듭니다 | Q32: TC-GAT-011 | R32: 금칙 | S32: 세션 만료
B33: =ROW()-9 | C33: 웹 진입 | D33: 주소 직접 진입 | E33: 만료 상태 보호 화면 직접 진입 | I33: 로그인 화면 노출된다 | J33: 공통 | K33: High | L33: =IF(COUNTIF(M33:M33,"Fail")>0,"Fail",IF(COUNTIF(M33:M33,"Blocked")>0,"Blocked",IF(COUNTIF(M33:M33,"NI")>0,"NI",IF(COUNTIF(M33:M33,"Pass")>0,"Pass","")))) | Q33: TC-GAT-011 | R33: 금칙 | S33: 세션 만료
B34: =ROW()-9 | C34: 웹 진입 | D34: 진입 분기 | E34: 새로고침 후 세션 지속 | F34: 계정 A로 로그인하고 재화·프로필을 남긴 상태 | G34: 1 | H34: 브라우저를 새로고침한다 | I34: 로그인 화면 없이 홈 화면 노출된다 | J34: 공통 | K34: High | L34: =IF(COUNTIF(M34:M34,"Fail")>0,"Fail",IF(COUNTIF(M34:M34,"Blocked")>0,"Blocked",IF(COUNTIF(M34:M34,"NI")>0,"NI",IF(COUNTIF(M34:M34,"Pass")>0,"Pass","")))) | P34: 계정 스코프만 저장합니다 — 시트 데이터는 테스트 조건이라 저장하지 않고, 화면 보기 상태도 담지 않아 새로고침하면 홈에서 시작합니다(§1-3) | Q34: TC-ENT-011 | R34: 결정적 | S34: 성인 인증
B35: =ROW()-9 | C35: 웹 진입 | D35: 진입 분기 | E35: 새로고침 후 세션 지속 | G35: 2 | H35: 상단 바와 계정 데이터를 확인한다 | I35: 로그인 상태가 유지된다 | J35: 공통 | K35: High | L35: =IF(COUNTIF(M35:M35,"Fail")>0,"Fail",IF(COUNTIF(M35:M35,"Blocked")>0,"Blocked",IF(COUNTIF(M35:M35,"NI")>0,"NI",IF(COUNTIF(M35:M35,"Pass")>0,"Pass","")))) | Q35: TC-ENT-011 | R35: 결정적 | S35: 성인 인증
B36: =ROW()-9 | C36: 웹 진입 | D36: 진입 분기 | E36: 새로고침 후 세션 지속 | I36: 재화·프로필이 복원된다 | J36: 공통 | K36: High | L36: =IF(COUNTIF(M36:M36,"Fail")>0,"Fail",IF(COUNTIF(M36:M36,"Blocked")>0,"Blocked",IF(COUNTIF(M36:M36,"NI")>0,"NI",IF(COUNTIF(M36:M36,"Pass")>0,"Pass","")))) | Q36: TC-ENT-011 | R36: 결정적 | S36: 성인 인증
B37: =ROW()-9 | C37: 웹 진입 | D37: 진입 분기 | E37: 시트 데이터는 지속되지 않음 | F37: 계정 A로 로그인하고 디버그 콘솔에서 기준일을 옮긴 상태 | G37: 1 | H37: 브라우저를 새로고침한다 | I37: 로그인 상태가 유지된다 | J37: 자동화 전용 | K37: High | L37: =IF(COUNTIF(M37:M37,"Fail")>0,"Fail",IF(COUNTIF(M37:M37,"Blocked")>0,"Blocked",IF(COUNTIF(M37:M37,"NI")>0,"NI",IF(COUNTIF(M37:M37,"Pass")>0,"Pass","")))) | P37: 시트 데이터가 남으면 앞사람이 만든 조건 위에서 다음 테스트가 돌아 무엇을 전제로 통과했는지 알 수 없게 됩니다. 화면에 드러나지 않는 경계라 상태 훅으로 확인합니다 | Q37: TC-ENT-012 | R37: 금칙 | S37: 성인 인증
B38: =ROW()-9 | C38: 웹 진입 | D38: 진입 분기 | E38: 시트 데이터는 지속되지 않음 | G38: 2 | H38: 기준일을 확인한다 | I38: 기준일이 초기값으로 돌아간다 | J38: 자동화 전용 | K38: High | L38: =IF(COUNTIF(M38:M38,"Fail")>0,"Fail",IF(COUNTIF(M38:M38,"Blocked")>0,"Blocked",IF(COUNTIF(M38:M38,"NI")>0,"NI",IF(COUNTIF(M38:M38,"Pass")>0,"Pass","")))) | Q38: TC-ENT-012 | R38: 금칙 | S38: 성인 인증
B39: =ROW()-9 | C39: 전역 셸 | D39: 상단 바 | E39: 로고로 홈 복귀 | F39: 계정 A로 로그인해 캐릭터 페이지를 연 상태 | G39: 1 | H39: 상단 바 로고 선택한다 | I39: 홈 화면 노출된다 | J39: 공통 | K39: Low | L39: =IF(COUNTIF(M39:M39,"Fail")>0,"Fail",IF(COUNTIF(M39:M39,"Blocked")>0,"Blocked",IF(COUNTIF(M39:M39,"NI")>0,"NI",IF(COUNTIF(M39:M39,"Pass")>0,"Pass","")))) | P39: 홈이 아닌 화면에서 눌렀을 때 복귀하는지를 봅니다. 홈에서 다시 누를 때의 동작은 TC-DSC-002가 맡습니다 | Q39: TC-DSC-001 | R39: 결정적 | S39: 성인 인증
B40: =ROW()-9 | C40: 전역 셸 | D40: 상단 바 | E40: 홈에서 로고 재선택 | F40: 계정 A로 로그인해 홈 화면을 아래로 스크롤한 상태 | G40: 1 | H40: 상단 바 로고 선택한다 | I40: 홈 화면 유지된다 | J40: 공통 | K40: Low | L40: =IF(COUNTIF(M40:M40,"Fail")>0,"Fail",IF(COUNTIF(M40:M40,"Blocked")>0,"Blocked",IF(COUNTIF(M40:M40,"NI")>0,"NI",IF(COUNTIF(M40:M40,"Pass")>0,"Pass","")))) | P40: 같은 버튼이 화면에 따라 다르게 동작하는 자리라 TC-DSC-001과 나눴습니다 | Q40: TC-DSC-002 | R40: 결정적 | S40: 성인 인증
B41: =ROW()-9 | C41: 전역 셸 | D41: 상단 바 | E41: 홈에서 로고 재선택 | I41: 목록이 최상단으로 스크롤된다 | J41: 공통 | K41: Low | L41: =IF(COUNTIF(M41:M41,"Fail")>0,"Fail",IF(COUNTIF(M41:M41,"Blocked")>0,"Blocked",IF(COUNTIF(M41:M41,"NI")>0,"NI",IF(COUNTIF(M41:M41,"Pass")>0,"Pass","")))) | Q41: TC-DSC-002 | R41: 결정적 | S41: 성인 인증
B42: =ROW()-9 | C42: 전역 셸 | D42: 상단 바 | E42: 페이지 제목 부분일치 검색 | F42: 계정 A로 로그인한 상태 | G42: 1 | H42: 상단 바 검색에 페이지 제목의 일부를 입력하고 실행한다 | I42: 홈 화면에 검색 결과 노출된다 | J42: 공통 | K42: High | L42: =IF(COUNTIF(M42:M42,"Fail")>0,"Fail",IF(COUNTIF(M42:M42,"Blocked")>0,"Blocked",IF(COUNTIF(M42:M42,"NI")>0,"NI",IF(COUNTIF(M42:M42,"Pass")>0,"Pass","")))) | P42: 기본 데이터에서는 「우산」으로 「비 오는 날의 우산」이 걸립니다. 검색 결과가 별도 화면이 아니라 홈 화면에 표시되는 점을 함께 봅니다 | Q42: TC-DSC-003 | R42: 결정적 | S42: 성인 인증
B43: =ROW()-9 | C43: 전역 셸 | D43: 상단 바 | E43: 페이지 제목 부분일치 검색 | I43: 입력한 조각을 제목에 포함한 작품이 결과에 노출된다 | J43: 공통 | K43: High | L43: =IF(COUNTIF(M43:M43,"Fail")>0,"Fail",IF(COUNTIF(M43:M43,"Blocked")>0,"Blocked",IF(COUNTIF(M43:M43,"NI")>0,"NI",IF(COUNTIF(M43:M43,"Pass")>0,"Pass","")))) | Q43: TC-DSC-003 | R43: 결정적 | S43: 성인 인증
B44: =ROW()-9 | C44: 전역 셸 | D44: 상단 바 | E44: 페이지 카테고리 부분일치 검색 | F44: 계정 A로 로그인한 상태 | G44: 1 | H44: 상단 바 검색에 페이지 카테고리명을 입력하고 실행한다 | I44: 그 카테고리를 가진 작품이 결과에 노출된다 | J44: 공통 | K44: High | L44: =IF(COUNTIF(M44:M44,"Fail")>0,"Fail",IF(COUNTIF(M44:M44,"Blocked")>0,"Blocked",IF(COUNTIF(M44:M44,"NI")>0,"NI",IF(COUNTIF(M44:M44,"Pass")>0,"Pass","")))) | P44: 기본 데이터에서는 「로맨스」로 세 작품이 걸립니다. 제목과 카테고리 두 축이 모두 검색 대상이라 TC-DSC-003과 나눴습니다 | Q44: TC-DSC-004 | R44: 결정적 | S44: 성인 인증
B45: =ROW()-9 | C45: 전역 셸 | D45: 상단 바 | E45: 검색 결과 0건 안내 | F45: 계정 A로 로그인한 상태 | G45: 1 | H45: 상단 바 검색에 어느 제목·카테고리와도 겹치지 않는 문자열을 입력하고 실행한다 | I45: 결과 0건 안내 문구 노출된다 | J45: 공통 | K45: Medium | L45: =IF(COUNTIF(M45:M45,"Fail")>0,"Fail",IF(COUNTIF(M45:M45,"Blocked")>0,"Blocked",IF(COUNTIF(M45:M45,"NI")>0,"NI",IF(COUNTIF(M45:M45,"Pass")>0,"Pass","")))) | P45: 빈 결과에서 목록만 비고 안내가 없으면 검색이 안 걸린 것인지 결과가 없는 것인지 구분되지 않습니다 | Q45: TC-DSC-005 | R45: 결정적 | S45: 성인 인증
B46: =ROW()-9 | C46: 전역 셸 | D46: 상단 바 | E46: 알림 목록이 데이터 시트를 반영 | F46: 계정 A로 로그인한 상태 | G46: 1 | H46: 상단 바 알림 선택한다 | I46: 알림 목록 노출된다 | J46: 공통 | K46: Low | L46: =IF(COUNTIF(M46:M46,"Fail")>0,"Fail",IF(COUNTIF(M46:M46,"Blocked")>0,"Blocked",IF(COUNTIF(M46:M46,"NI")>0,"NI",IF(COUNTIF(M46:M46,"Pass")>0,"Pass","")))) | P46: 발생 로직은 없고 표시 반영만 검증합니다. 항목은 디버그 콘솔에서 늘리고 비울 수 있습니다 | Q46: TC-DSC-006 | R46: 결정적 | S46: 성인 인증
B47: =ROW()-9 | C47: 전역 셸 | D47: 상단 바 | E47: 알림 목록이 데이터 시트를 반영 | I47: 데이터 시트의 알림 항목이 목록에 노출된다 | J47: 공통 | K47: Low | L47: =IF(COUNTIF(M47:M47,"Fail")>0,"Fail",IF(COUNTIF(M47:M47,"Blocked")>0,"Blocked",IF(COUNTIF(M47:M47,"NI")>0,"NI",IF(COUNTIF(M47:M47,"Pass")>0,"Pass","")))) | Q47: TC-DSC-006 | R47: 결정적 | S47: 성인 인증
B48: =ROW()-9 | C48: 전역 셸 | D48: 상단 바 | E48: 알림 빈 상태 안내 | F48: 계정 A로 로그인하고 디버그 콘솔에서 알림을 모두 비운 상태 | G48: 1 | H48: 상단 바 알림 선택한다 | I48: 빈 상태 안내 노출된다 | J48: 공통 | K48: Low | L48: =IF(COUNTIF(M48:M48,"Fail")>0,"Fail",IF(COUNTIF(M48:M48,"Blocked")>0,"Blocked",IF(COUNTIF(M48:M48,"NI")>0,"NI",IF(COUNTIF(M48:M48,"Pass")>0,"Pass","")))) | P48: 디버그 콘솔의 [알림 비우기] 뒤 [저장]으로 조건을 만듭니다 | Q48: TC-DSC-007 | R48: 결정적 | S48: 성인 인증
B49: =ROW()-9 | C49: 전역 셸 | D49: 상단 바 | E49: 미로그인 알림 열람 차단 | F49: 미로그인 상태 | G49: 1 | H49: 상단 바 알림 선택한다 | I49: 알림 목록 노출되지 않는다 | J49: 공통 | K49: High | L49: =IF(COUNTIF(M49:M49,"Fail")>0,"Fail",IF(COUNTIF(M49:M49,"Blocked")>0,"Blocked",IF(COUNTIF(M49:M49,"NI")>0,"NI",IF(COUNTIF(M49:M49,"Pass")>0,"Pass","")))) | P49: 알림 열람은 명세 §1-1의 로그인 필요 동작입니다. 상단 바에는 잔액·간편 프로필 대신 로그인 버튼이 놓입니다 | Q49: TC-GAT-007 | R49: 금칙 | S49: 미로그인
B50: =ROW()-9 | C50: 전역 셸 | D50: 상단 바 | E50: 미로그인 알림 열람 차단 | I50: 로그인 모달 노출된다 | J50: 공통 | K50: High | L50: =IF(COUNTIF(M50:M50,"Fail")>0,"Fail",IF(COUNTIF(M50:M50,"Blocked")>0,"Blocked",IF(COUNTIF(M50:M50,"NI")>0,"NI",IF(COUNTIF(M50:M50,"Pass")>0,"Pass","")))) | Q50: TC-GAT-007 | R50: 금칙 | S50: 미로그인
B51: =ROW()-9 | C51: 전역 셸 | D51: 하단 내비 | E51: 홈 탭 재선택 | F51: 계정 A로 로그인해 홈 화면에서 랭킹 칩을 고르고 아래로 스크롤한 상태 | G51: 1 | H51: 하단 내비 홈 탭 선택한다 | I51: 활성 필터 칩 유지된다 | J51: 공통 | K51: Low | L51: =IF(COUNTIF(M51:M51,"Fail")>0,"Fail",IF(COUNTIF(M51:M51,"Blocked")>0,"Blocked",IF(COUNTIF(M51:M51,"NI")>0,"NI",IF(COUNTIF(M51:M51,"Pass")>0,"Pass","")))) | P51: 칩이 기본값으로 돌아가면 「돌아왔을 때 그대로인가」를 확인할 수 없습니다 | Q51: TC-DSC-008 | R51: 결정적 | S51: 성인 인증
B52: =ROW()-9 | C52: 전역 셸 | D52: 하단 내비 | E52: 홈 탭 재선택 | I52: 목록이 최상단으로 스크롤된다 | J52: 공통 | K52: Low | L52: =IF(COUNTIF(M52:M52,"Fail")>0,"Fail",IF(COUNTIF(M52:M52,"Blocked")>0,"Blocked",IF(COUNTIF(M52:M52,"NI")>0,"NI",IF(COUNTIF(M52:M52,"Pass")>0,"Pass","")))) | Q52: TC-DSC-008 | R52: 결정적 | S52: 성인 인증
B53: =ROW()-9 | C53: 전역 셸 | D53: 하단 내비 | E53: 미로그인 채팅 탭 차단 | F53: 미로그인 상태 | G53: 1 | H53: 하단 내비 채팅 탭 선택한다 | I53: 채팅 탭 열리지 않는다 | J53: 공통 | K53: High | L53: =IF(COUNTIF(M53:M53,"Fail")>0,"Fail",IF(COUNTIF(M53:M53,"Blocked")>0,"Blocked",IF(COUNTIF(M53:M53,"NI")>0,"NI",IF(COUNTIF(M53:M53,"Pass")>0,"Pass","")))) | P53: 셸 안에서 막히는 경우라 로그인 화면이 아니라 모달이 뜨고 뒤 화면은 그대로 남습니다(system-spec §1-1) | Q53: TC-GAT-008 | R53: 금칙 | S53: 미로그인
B54: =ROW()-9 | C54: 전역 셸 | D54: 하단 내비 | E54: 미로그인 채팅 탭 차단 | I54: 로그인 모달 노출된다 | J54: 공통 | K54: High | L54: =IF(COUNTIF(M54:M54,"Fail")>0,"Fail",IF(COUNTIF(M54:M54,"Blocked")>0,"Blocked",IF(COUNTIF(M54:M54,"NI")>0,"NI",IF(COUNTIF(M54:M54,"Pass")>0,"Pass","")))) | Q54: TC-GAT-008 | R54: 금칙 | S54: 미로그인
B55: =ROW()-9 | C55: 전역 셸 | D55: 하단 내비 | E55: 미로그인 MY 탭 차단 | F55: 미로그인 상태 | G55: 1 | H55: 하단 내비 MY 탭 선택한다 | I55: MY 탭 열리지 않는다 | J55: 공통 | K55: High | L55: =IF(COUNTIF(M55:M55,"Fail")>0,"Fail",IF(COUNTIF(M55:M55,"Blocked")>0,"Blocked",IF(COUNTIF(M55:M55,"NI")>0,"NI",IF(COUNTIF(M55:M55,"Pass")>0,"Pass","")))) | P55: 탭마다 케이스를 나눈 것은 하나만 뚫렸을 때 어느 탭인지 TC ID로 읽히게 하기 위해서입니다 | Q55: TC-GAT-009 | R55: 금칙 | S55: 미로그인
B56: =ROW()-9 | C56: 전역 셸 | D56: 하단 내비 | E56: 미로그인 MY 탭 차단 | I56: 로그인 모달 노출된다 | J56: 공통 | K56: High | L56: =IF(COUNTIF(M56:M56,"Fail")>0,"Fail",IF(COUNTIF(M56:M56,"Blocked")>0,"Blocked",IF(COUNTIF(M56:M56,"NI")>0,"NI",IF(COUNTIF(M56:M56,"Pass")>0,"Pass","")))) | Q56: TC-GAT-009 | R56: 금칙 | S56: 미로그인
B57: =ROW()-9 | C57: 전역 셸 | D57: 하단 내비 | E57: 미로그인 내 작품 탭 차단 | F57: 미로그인 상태 | G57: 1 | H57: 하단 내비 내 작품 탭 선택한다 | I57: 내 작품 탭 열리지 않는다 | J57: 공통 | K57: High | L57: =IF(COUNTIF(M57:M57,"Fail")>0,"Fail",IF(COUNTIF(M57:M57,"Blocked")>0,"Blocked",IF(COUNTIF(M57:M57,"NI")>0,"NI",IF(COUNTIF(M57:M57,"Pass")>0,"Pass","")))) | P57: 내 작품 탭은 스텁이지만 로그인 필요 화면이라 차단은 걸립니다 | Q57: TC-GAT-010 | R57: 금칙 | S57: 미로그인
B58: =ROW()-9 | C58: 전역 셸 | D58: 하단 내비 | E58: 미로그인 내 작품 탭 차단 | I58: 로그인 모달 노출된다 | J58: 공통 | K58: High | L58: =IF(COUNTIF(M58:M58,"Fail")>0,"Fail",IF(COUNTIF(M58:M58,"Blocked")>0,"Blocked",IF(COUNTIF(M58:M58,"NI")>0,"NI",IF(COUNTIF(M58:M58,"Pass")>0,"Pass","")))) | Q58: TC-GAT-010 | R58: 금칙 | S58: 미로그인
B59: =ROW()-9 | C59: 전역 셸 | D59: 하단 내비 | E59: 미로그인 커뮤니티 탭 통과 | F59: 미로그인 상태 | G59: 1 | H59: 하단 내비 커뮤니티 탭 선택한다 | I59: 커뮤니티 탭 노출된다 | J59: 공통 | K59: Medium | L59: =IF(COUNTIF(M59:M59,"Fail")>0,"Fail",IF(COUNTIF(M59:M59,"Blocked")>0,"Blocked",IF(COUNTIF(M59:M59,"NI")>0,"NI",IF(COUNTIF(M59:M59,"Pass")>0,"Pass","")))) | P59: 차단이 공개 탭까지 과하게 걸리지 않는지를 보는 자리라 위 차단 케이스들과 함께 읽습니다 | Q59: TC-DSC-009 | R59: 결정적 | S59: 미로그인
B60: =ROW()-9 | C60: 전역 셸 | D60: 하단 내비 | E60: 미로그인 커뮤니티 탭 통과 | I60: 로그인 모달 노출되지 않는다 | J60: 공통 | K60: Medium | L60: =IF(COUNTIF(M60:M60,"Fail")>0,"Fail",IF(COUNTIF(M60:M60,"Blocked")>0,"Blocked",IF(COUNTIF(M60:M60,"NI")>0,"NI",IF(COUNTIF(M60:M60,"Pass")>0,"Pass","")))) | Q60: TC-DSC-009 | R60: 결정적 | S60: 미로그인
B61: =ROW()-9 | C61: 전역 셸 | D61: 로그인 모달 | E61: 막힌 동작 이어받기 | F61: 미로그인 상태에서 채팅 탭이 막혀 로그인 모달이 뜬 상태 | G61: 1 | H61: 로그인 모달에서 계정 A 선택한다 | I61: 로그인 모달 닫힌다 | J61: 공통 | K61: High | L61: =IF(COUNTIF(M61:M61,"Fail")>0,"Fail",IF(COUNTIF(M61:M61,"Blocked")>0,"Blocked",IF(COUNTIF(M61:M61,"NI")>0,"NI",IF(COUNTIF(M61:M61,"Pass")>0,"Pass","")))) | P61: 막을 때는 아무것도 수행하지 않고 풀리면 그때 수행한다는 규칙의 짝입니다(system-spec §1-1) | Q61: TC-ENT-006 | R61: 결정적 | S61: 미로그인, 성인 인증
B62: =ROW()-9 | C62: 전역 셸 | D62: 로그인 모달 | E62: 막힌 동작 이어받기 | I62: 막혔던 채팅 탭 열린다 | J62: 공통 | K62: High | L62: =IF(COUNTIF(M62:M62,"Fail")>0,"Fail",IF(COUNTIF(M62:M62,"Blocked")>0,"Blocked",IF(COUNTIF(M62:M62,"NI")>0,"NI",IF(COUNTIF(M62:M62,"Pass")>0,"Pass","")))) | Q62: TC-ENT-006 | R62: 결정적 | S62: 미로그인, 성인 인증
B63: =ROW()-9 | C63: 전역 셸 | D63: 로그인 모달 | E63: 로그인 모달 닫기 | F63: 미로그인 상태에서 채팅 탭이 막혀 로그인 모달이 뜬 상태 | G63: 1 | H63: 로그인 모달 닫기 선택한다 | I63: 로그인 모달 닫힌다 | J63: 공통 | K63: Medium | L63: =IF(COUNTIF(M63:M63,"Fail")>0,"Fail",IF(COUNTIF(M63:M63,"Blocked")>0,"Blocked",IF(COUNTIF(M63:M63,"NI")>0,"NI",IF(COUNTIF(M63:M63,"Pass")>0,"Pass","")))) | P63: 모달은 뒤 화면을 살려 두므로 닫으면 제자리입니다. 막힌 동작이 몰래 수행되지 않았는지도 함께 봅니다 | Q63: TC-ENT-007 | R63: 결정적 | S63: 미로그인
B64: =ROW()-9 | C64: 전역 셸 | D64: 로그인 모달 | E64: 로그인 모달 닫기 | I64: 모달이 뜨기 전 보던 화면 유지된다 | J64: 공통 | K64: Medium | L64: =IF(COUNTIF(M64:M64,"Fail")>0,"Fail",IF(COUNTIF(M64:M64,"Blocked")>0,"Blocked",IF(COUNTIF(M64:M64,"NI")>0,"NI",IF(COUNTIF(M64:M64,"Pass")>0,"Pass","")))) | Q64: TC-ENT-007 | R64: 결정적 | S64: 미로그인
B65: =ROW()-9 | C65: 전역 셸 | D65: 로그인 모달 | E65: 로그인 모달 닫기 | I65: 채팅 탭 열리지 않는다 | J65: 공통 | K65: Medium | L65: =IF(COUNTIF(M65:M65,"Fail")>0,"Fail",IF(COUNTIF(M65:M65,"Blocked")>0,"Blocked",IF(COUNTIF(M65:M65,"NI")>0,"NI",IF(COUNTIF(M65:M65,"Pass")>0,"Pass","")))) | Q65: TC-ENT-007 | R65: 결정적 | S65: 미로그인
B66: =ROW()-9 | C66: 전역 셸 | D66: 푸터 | E66: 푸터 구성과 빌드 표기 | F66: 계정 A로 로그인한 상태 | G66: 1 | H66: 푸터를 확인한다 | I66: 포트폴리오 디스클레이머가 노출된다 | J66: 공통 | K66: Low | L66: =IF(COUNTIF(M66:M66,"Fail")>0,"Fail",IF(COUNTIF(M66:M66,"Blocked")>0,"Blocked",IF(COUNTIF(M66:M66,"NI")>0,"NI",IF(COUNTIF(M66:M66,"Pass")>0,"Pass","")))) | P66: 트리 노드가 아니라 청사진이 기대값의 출처인 SUT 검증 케이스입니다 — 기획 기능이 아니라 산출물의 자기 설명이며, 빌드 버전은 이슈의 영향 받는 버전 칸이 가리키는 값이라 화면에서 읽혀야 합니다 | Q66: TC-ENT-010 | R66: 결정적 | S66: 성인 인증
B67: =ROW()-9 | C67: 전역 셸 | D67: 푸터 | E67: 푸터 구성과 빌드 표기 | I67: 빌드 버전이 노출된다 | J67: 공통 | K67: Low | L67: =IF(COUNTIF(M67:M67,"Fail")>0,"Fail",IF(COUNTIF(M67:M67,"Blocked")>0,"Blocked",IF(COUNTIF(M67:M67,"NI")>0,"NI",IF(COUNTIF(M67:M67,"Pass")>0,"Pass","")))) | Q67: TC-ENT-010 | R67: 결정적 | S67: 성인 인증
B68: =ROW()-9 | C68: 전역 셸 | D68: 푸터 | E68: 푸터 구성과 빌드 표기 | G68: 2 | H68: 트리 링크를 선택한다 | I68: 기능 트리 문서로 이동된다 | J68: 공통 | K68: Low | L68: =IF(COUNTIF(M68:M68,"Fail")>0,"Fail",IF(COUNTIF(M68:M68,"Blocked")>0,"Blocked",IF(COUNTIF(M68:M68,"NI")>0,"NI",IF(COUNTIF(M68:M68,"Pass")>0,"Pass","")))) | Q68: TC-ENT-010 | R68: 결정적 | S68: 성인 인증
B69: =ROW()-9 | C69: 홈 화면 | D69: 필터 칩 | E69: 칩 구성과 기본 선택 | F69: 계정 A로 로그인한 상태 | G69: 1 | H69: 홈 화면 칩 줄 확인한다 | I69: 추천·랭킹·신작 칩 노출된다 | J69: 공통 | K69: Medium | L69: =IF(COUNTIF(M69:M69,"Fail")>0,"Fail",IF(COUNTIF(M69:M69,"Blocked")>0,"Blocked",IF(COUNTIF(M69:M69,"NI")>0,"NI",IF(COUNTIF(M69:M69,"Pass")>0,"Pass","")))) | P69: 칩 구성의 정본은 system-spec §8-6입니다. 카테고리는 3종 고정이며 작품 카테고리 배열의 첫 항목이 대표입니다 | Q69: TC-DSC-010 | R69: 결정적 | S69: 성인 인증
B70: =ROW()-9 | C70: 홈 화면 | D70: 필터 칩 | E70: 칩 구성과 기본 선택 | I70: 카테고리 칩 세 개(로맨스·판타지·일상) 노출된다 | J70: 공통 | K70: Medium | L70: =IF(COUNTIF(M70:M70,"Fail")>0,"Fail",IF(COUNTIF(M70:M70,"Blocked")>0,"Blocked",IF(COUNTIF(M70:M70,"NI")>0,"NI",IF(COUNTIF(M70:M70,"Pass")>0,"Pass","")))) | Q70: TC-DSC-010 | R70: 결정적 | S70: 성인 인증
B71: =ROW()-9 | C71: 홈 화면 | D71: 필터 칩 | E71: 칩 구성과 기본 선택 | I71: 추천 칩이 활성 상태로 노출된다 | J71: 공통 | K71: Medium | L71: =IF(COUNTIF(M71:M71,"Fail")>0,"Fail",IF(COUNTIF(M71:M71,"Blocked")>0,"Blocked",IF(COUNTIF(M71:M71,"NI")>0,"NI",IF(COUNTIF(M71:M71,"Pass")>0,"Pass","")))) | Q71: TC-DSC-010 | R71: 결정적 | S71: 성인 인증
B72: =ROW()-9 | C72: 홈 화면 | D72: 추천 탭 | E72: 추천 캐러셀 상한 7 | F72: 계정 A로 로그인하고 데이터 시트에 캐릭터를 8개 이상 둔 상태 | G72: 1 | H72: 추천 칩 선택한다 | I72: 추천 탭 노출된다 | J72: 공통 | K72: Medium | L72: =IF(COUNTIF(M72:M72,"Fail")>0,"Fail",IF(COUNTIF(M72:M72,"Blocked")>0,"Blocked",IF(COUNTIF(M72:M72,"NI")>0,"NI",IF(COUNTIF(M72:M72,"Pass")>0,"Pass","")))) | P72: 캐릭터는 디버그 콘솔의 캐릭터 생성 버튼으로 늘립니다. 동률은 §8-4 체인(이용수→좋아요→ID)이 가릅니다 | Q72: TC-DSC-011 | R72: 결정적 | S72: 성인 인증
B73: =ROW()-9 | C73: 홈 화면 | D73: 추천 탭 | E73: 추천 캐러셀 상한 7 | G73: 2 | H73: 추천 캐러셀 확인한다 | I73: 캐러셀 카드가 7개까지만 노출된다 | J73: 공통 | K73: Medium | L73: =IF(COUNTIF(M73:M73,"Fail")>0,"Fail",IF(COUNTIF(M73:M73,"Blocked")>0,"Blocked",IF(COUNTIF(M73:M73,"NI")>0,"NI",IF(COUNTIF(M73:M73,"Pass")>0,"Pass","")))) | Q73: TC-DSC-011 | R73: 결정적 | S73: 성인 인증
B74: =ROW()-9 | C74: 홈 화면 | D74: 추천 탭 | E74: 추천 캐러셀 상한 7 | I74: 월간 이용수 순으로 정렬된다 | J74: 공통 | K74: Medium | L74: =IF(COUNTIF(M74:M74,"Fail")>0,"Fail",IF(COUNTIF(M74:M74,"Blocked")>0,"Blocked",IF(COUNTIF(M74:M74,"NI")>0,"NI",IF(COUNTIF(M74:M74,"Pass")>0,"Pass","")))) | Q74: TC-DSC-011 | R74: 결정적 | S74: 성인 인증
B75: =ROW()-9 | C75: 홈 화면 | D75: 추천 탭 | E75: 최근 대화 섹션 조건부 노출 | F75: 계정 A로 로그인하고 대화 이력이 없는 상태 | G75: 1 | H75: 추천 탭 확인한다 | I75: 최근 대화한 캐릭터 섹션 노출되지 않는다 | J75: 공통 | K75: Medium | L75: =IF(COUNTIF(M75:M75,"Fail")>0,"Fail",IF(COUNTIF(M75:M75,"Blocked")>0,"Blocked",IF(COUNTIF(M75:M75,"NI")>0,"NI",IF(COUNTIF(M75:M75,"Pass")>0,"Pass","")))) | P75: 이력이 생긴 뒤의 노출은 대화방 영역에서 봅니다. 조건부 노출이라 빈 섹션이 남으면 결함입니다 | Q75: TC-DSC-012 | R75: 결정적 | S75: 성인 인증
B76: =ROW()-9 | C76: 홈 화면 | D76: 추천 탭 | E76: 떠오르는 신작 선정식 | F76: 계정 A로 로그인한 상태 | G76: 1 | H76: 떠오르는 신작 섹션 확인한다 | I76: 생성 60일 이내이면서 월간 이용수 1건 이상인 작품만 노출된다 | J76: 공통 | K76: Medium | L76: =IF(COUNTIF(M76:M76,"Fail")>0,"Fail",IF(COUNTIF(M76:M76,"Blocked")>0,"Blocked",IF(COUNTIF(M76:M76,"NI")>0,"NI",IF(COUNTIF(M76:M76,"Pass")>0,"Pass","")))) | P76: 두 창이 다른 일을 합니다 — 월간이 모수를 거르고 주간이 순서를 만듭니다(§8-5). 출시일·이용수는 디버그 콘솔 표에서 옮겨 경계를 만듭니다 | Q76: TC-DSC-013 | R76: 결정적 | S76: 성인 인증
B77: =ROW()-9 | C77: 홈 화면 | D77: 추천 탭 | E77: 떠오르는 신작 선정식 | I77: 주간 이용수 상위 5개까지 노출된다 | J77: 공통 | K77: Medium | L77: =IF(COUNTIF(M77:M77,"Fail")>0,"Fail",IF(COUNTIF(M77:M77,"Blocked")>0,"Blocked",IF(COUNTIF(M77:M77,"NI")>0,"NI",IF(COUNTIF(M77:M77,"Pass")>0,"Pass","")))) | Q77: TC-DSC-013 | R77: 결정적 | S77: 성인 인증
B78: =ROW()-9 | C78: 홈 화면 | D78: 추천 탭 | E78: 떠오르는 신작 창 경계 | F78: 계정 A로 로그인하고 디버그 콘솔에서 한 작품의 출시일을 기준일 61일 전으로 옮긴 상태 | G78: 1 | H78: 떠오르는 신작 섹션 확인한다 | I78: 그 작품이 섹션에서 빠진다 | J78: 공통 | K78: Medium | L78: =IF(COUNTIF(M78:M78,"Fail")>0,"Fail",IF(COUNTIF(M78:M78,"Blocked")>0,"Blocked",IF(COUNTIF(M78:M78,"NI")>0,"NI",IF(COUNTIF(M78:M78,"Pass")>0,"Pass","")))) | P78: 60일이 경계라 61일은 밖입니다. 출시일 칸을 고치고 저장한 뒤 현재 화면 새로고침으로 반영합니다 | Q78: TC-DSC-014 | R78: 결정적 | S78: 성인 인증
B79: =ROW()-9 | C79: 홈 화면 | D79: 추천 탭 | E79: 지금 뜨거운 선정식 | F79: 계정 A로 로그인한 상태 | G79: 1 | H79: 지금 뜨거운 섹션 확인한다 | I79: 주간 이용수 1건 이상인 작품만 노출된다 | J79: 공통 | K79: Medium | L79: =IF(COUNTIF(M79:M79,"Fail")>0,"Fail",IF(COUNTIF(M79:M79,"Blocked")>0,"Blocked",IF(COUNTIF(M79:M79,"NI")>0,"NI",IF(COUNTIF(M79:M79,"Pass")>0,"Pass","")))) | P79: 떠오르는 신작과 달리 생성일 조건이 없습니다. 이용수 0건이 상위에 오르면 섹션의 뜻과 어긋나 선정식을 화면으로 검증할 수 없게 됩니다 | Q79: TC-DSC-015 | R79: 결정적 | S79: 성인 인증
B80: =ROW()-9 | C80: 홈 화면 | D80: 추천 탭 | E80: 지금 뜨거운 선정식 | I80: 주간 이용수 상위 5개까지 노출된다 | J80: 공통 | K80: Medium | L80: =IF(COUNTIF(M80:M80,"Fail")>0,"Fail",IF(COUNTIF(M80:M80,"Blocked")>0,"Blocked",IF(COUNTIF(M80:M80,"NI")>0,"NI",IF(COUNTIF(M80:M80,"Pass")>0,"Pass","")))) | Q80: TC-DSC-015 | R80: 결정적 | S80: 성인 인증
B81: =ROW()-9 | C81: 홈 화면 | D81: 추천 탭 | E81: 섹션 모수 0건 안내 | F81: 계정 A로 로그인하고 디버그 콘솔에서 모든 작품의 이용수를 0으로 만든 상태 | G81: 1 | H81: 떠오르는 신작·지금 뜨거운 섹션 확인한다 | I81: 섹션 자리에 0건 안내 노출된다 | J81: 공통 | K81: Low | L81: =IF(COUNTIF(M81:M81,"Fail")>0,"Fail",IF(COUNTIF(M81:M81,"Blocked")>0,"Blocked",IF(COUNTIF(M81:M81,"NI")>0,"NI",IF(COUNTIF(M81:M81,"Pass")>0,"Pass","")))) | P81: 이용수 일간·주간·월간을 전부 0으로 두면 두 섹션의 모수가 비웁니다 | Q81: TC-DSC-016 | R81: 결정적 | S81: 성인 인증
B82: =ROW()-9 | C82: 홈 화면 | D82: 랭킹 탭 | E82: 진입 기본값 | F82: 계정 A로 로그인한 상태 | G82: 1 | H82: 랭킹 칩 선택한다 | I82: 일간 기간이 선택된 상태로 노출된다 | J82: 공통 | K82: Medium | L82: =IF(COUNTIF(M82:M82,"Fail")>0,"Fail",IF(COUNTIF(M82:M82,"Blocked")>0,"Blocked",IF(COUNTIF(M82:M82,"NI")>0,"NI",IF(COUNTIF(M82:M82,"Pass")>0,"Pass","")))) | P82: 기간 버튼 배열(일→주→월)의 첫 값과 같습니다(§8-3) | Q82: TC-DSC-017 | R82: 결정적 | S82: 성인 인증
B83: =ROW()-9 | C83: 홈 화면 | D83: 랭킹 탭 | E83: 진입 기본값 | I83: 이용수 순 기준이 선택된 상태로 노출된다 | J83: 공통 | K83: Medium | L83: =IF(COUNTIF(M83:M83,"Fail")>0,"Fail",IF(COUNTIF(M83:M83,"Blocked")>0,"Blocked",IF(COUNTIF(M83:M83,"NI")>0,"NI",IF(COUNTIF(M83:M83,"Pass")>0,"Pass","")))) | Q83: TC-DSC-017 | R83: 결정적 | S83: 성인 인증
B84: =ROW()-9 | C84: 홈 화면 | D84: 랭킹 탭 | E84: 기간 필터 전환 | F84: 계정 A로 로그인해 랭킹 탭을 연 상태 | G84: 1 | H84: 주간 선택한다 | I84: 집계 구간이 최근 7일로 바뀐다 | J84: 공통 | K84: High | L84: =IF(COUNTIF(M84:M84,"Fail")>0,"Fail",IF(COUNTIF(M84:M84,"Blocked")>0,"Blocked",IF(COUNTIF(M84:M84,"NI")>0,"NI",IF(COUNTIF(M84:M84,"Pass")>0,"Pass","")))) | P84: 기간은 이용수 기준에만 걸립니다 — 좋아요·리뷰는 누적값이라 기간을 바꿔도 순위가 그대로여야 합니다 | Q84: TC-DSC-018 | R84: 결정적 | S84: 성인 인증
B85: =ROW()-9 | C85: 홈 화면 | D85: 랭킹 탭 | E85: 기간 필터 전환 | G85: 2 | H85: 월간 선택한다 | I85: 집계 구간이 최근 30일로 바뀐다 | J85: 공통 | K85: High | L85: =IF(COUNTIF(M85:M85,"Fail")>0,"Fail",IF(COUNTIF(M85:M85,"Blocked")>0,"Blocked",IF(COUNTIF(M85:M85,"NI")>0,"NI",IF(COUNTIF(M85:M85,"Pass")>0,"Pass","")))) | Q85: TC-DSC-018 | R85: 결정적 | S85: 성인 인증
B86: =ROW()-9 | C86: 홈 화면 | D86: 랭킹 탭 | E86: 이용수 중복 제거 | F86: 계정 A로 로그인하고 같은 유저·같은 작품·같은 날짜의 이벤트를 여럿 둔 상태 | G86: 1 | H86: 일간 랭킹의 이용수 확인한다 | I86: 중복 이벤트가 1건으로 집계된다 | J86: 공통 | K86: High | L86: =IF(COUNTIF(M86:M86,"Fail")>0,"Fail",IF(COUNTIF(M86:M86,"Blocked")>0,"Blocked",IF(COUNTIF(M86:M86,"NI")>0,"NI",IF(COUNTIF(M86:M86,"Pass")>0,"Pass","")))) | P86: 이벤트는 유저×작품×날짜 조합으로 셉니다(§8-2). 디버그 콘솔의 원본 편집에서 이벤트를 직접 넣습니다 | Q86: TC-DSC-019 | R86: 결정적 | S86: 성인 인증
B87: =ROW()-9 | C87: 홈 화면 | D87: 랭킹 탭 | E87: 미래 이벤트 집계 제외 | F87: 계정 A로 로그인하고 기준일보다 나중 날짜의 이벤트를 둔 상태 | G87: 1 | H87: 랭킹의 이용수 확인한다 | I87: 미래 이벤트가 집계에서 제외된다 | J87: 공통 | K87: Medium | L87: =IF(COUNTIF(M87:M87,"Fail")>0,"Fail",IF(COUNTIF(M87:M87,"Blocked")>0,"Blocked",IF(COUNTIF(M87:M87,"NI")>0,"NI",IF(COUNTIF(M87:M87,"Pass")>0,"Pass","")))) | P87: 주입 데이터 방어입니다(§8-1). 기준일은 디버그 콘솔의 기준일 칸이 정합니다 | Q87: TC-DSC-020 | R87: 결정적 | S87: 성인 인증
B88: =ROW()-9 | C88: 홈 화면 | D88: 랭킹 탭 | E88: 이용수 0건 제외 | F88: 계정 A로 로그인하고 선택한 기간의 이용수가 0인 작품이 있는 상태 | G88: 1 | H88: 이용수 순 랭킹 확인한다 | I88: 그 작품이 순위에서 제외된다 | J88: 공통 | K88: Medium | L88: =IF(COUNTIF(M88:M88,"Fail")>0,"Fail",IF(COUNTIF(M88:M88,"Blocked")>0,"Blocked",IF(COUNTIF(M88:M88,"NI")>0,"NI",IF(COUNTIF(M88:M88,"Pass")>0,"Pass","")))) | P88: 0건 제외는 이용수 순위에만 걸립니다 — 좋아요·리뷰 순에서는 빠지지 않습니다 | Q88: TC-DSC-021 | R88: 결정적 | S88: 성인 인증
B89: =ROW()-9 | C89: 홈 화면 | D89: 랭킹 탭 | E89: 정렬 기준 전환 | F89: 계정 A로 로그인해 랭킹 탭을 연 상태 | G89: 1 | H89: 좋아요 순 선택한다 | I89: 좋아요 수 내림차순으로 정렬된다 | J89: 공통 | K89: Medium | L89: =IF(COUNTIF(M89:M89,"Fail")>0,"Fail",IF(COUNTIF(M89:M89,"Blocked")>0,"Blocked",IF(COUNTIF(M89:M89,"NI")>0,"NI",IF(COUNTIF(M89:M89,"Pass")>0,"Pass","")))) | P89: 동률은 §8-4 체인이 가릅니다. 정렬 근거는 디버그 콘솔의 카드 지표 표시를 켜면 카드에서 읽힙니다 | Q89: TC-DSC-022 | R89: 결정적 | S89: 성인 인증
B90: =ROW()-9 | C90: 홈 화면 | D90: 랭킹 탭 | E90: 정렬 기준 전환 | G90: 2 | H90: 리뷰 많은 순 선택한다 | I90: 리뷰 수 내림차순으로 정렬된다 | J90: 공통 | K90: Medium | L90: =IF(COUNTIF(M90:M90,"Fail")>0,"Fail",IF(COUNTIF(M90:M90,"Blocked")>0,"Blocked",IF(COUNTIF(M90:M90,"NI")>0,"NI",IF(COUNTIF(M90:M90,"Pass")>0,"Pass","")))) | Q90: TC-DSC-022 | R90: 결정적 | S90: 성인 인증
B91: =ROW()-9 | C91: 홈 화면 | D91: 랭킹 탭 | E91: 리뷰 점수순 최소 표본 | F91: 계정 A로 로그인하고 리뷰 수가 50 미만인 작품이 있는 상태 | G91: 1 | H91: 리뷰 점수 순 선택한다 | I91: 리뷰 50개 미만인 작품이 순위에서 제외된다 | J91: 공통 | K91: Medium | L91: =IF(COUNTIF(M91:M91,"Fail")>0,"Fail",IF(COUNTIF(M91:M91,"Blocked")>0,"Blocked",IF(COUNTIF(M91:M91,"NI")>0,"NI",IF(COUNTIF(M91:M91,"Pass")>0,"Pass","")))) | P91: 임계 50은 §8-3이 정본입니다. 경계(49·50·51)는 디버그 콘솔 표의 리뷰 수 칸으로 만듭니다 | Q91: TC-DSC-023 | R91: 결정적 | S91: 성인 인증
B92: =ROW()-9 | C92: 홈 화면 | D92: 랭킹 탭 | E92: 랭킹 도움말 표시 | F92: 계정 A로 로그인해 랭킹 탭을 연 상태 | G92: 1 | H92: 랭킹 도움말 선택한다 | I92: 최소 표본 기준을 포함한 규칙 요약 노출된다 | J92: 공통 | K92: Low | L92: =IF(COUNTIF(M92:M92,"Fail")>0,"Fail",IF(COUNTIF(M92:M92,"Blocked")>0,"Blocked",IF(COUNTIF(M92:M92,"NI")>0,"NI",IF(COUNTIF(M92:M92,"Pass")>0,"Pass","")))) | P92: 규칙성 화면에 두는 도움말입니다 — 화면 안에서 기준을 읽을 수 있어야 정렬 결과를 판단할 수 있습니다 | Q92: TC-DSC-024 | R92: 결정적 | S92: 성인 인증
B93: =ROW()-9 | C93: 홈 화면 | D93: 신작 탭 | E93: 출시일 최신순 정렬 | F93: 계정 A로 로그인한 상태 | G93: 1 | H93: 신작 칩 선택한다 | I93: 출시일 최신순으로 정렬된다 | J93: 공통 | K93: Medium | L93: =IF(COUNTIF(M93:M93,"Fail")>0,"Fail",IF(COUNTIF(M93:M93,"Blocked")>0,"Blocked",IF(COUNTIF(M93:M93,"NI")>0,"NI",IF(COUNTIF(M93:M93,"Pass")>0,"Pass","")))) | P93: 떠오르는 신작과 달리 이용수 조건이 없습니다 — 전량을 출시일로만 줄 세웁니다 | Q93: TC-DSC-025 | R93: 결정적 | S93: 성인 인증
B94: =ROW()-9 | C94: 홈 화면 | D94: 카테고리 탭 | E94: 칩 선택 시 모수 제한 | F94: 계정 A로 로그인한 상태 | G94: 1 | H94: 로맨스 칩 선택한다 | I94: 로맨스 카테고리를 가진 작품만 노출된다 | J94: 공통 | K94: Medium | L94: =IF(COUNTIF(M94:M94,"Fail")>0,"Fail",IF(COUNTIF(M94:M94,"Blocked")>0,"Blocked",IF(COUNTIF(M94:M94,"NI")>0,"NI",IF(COUNTIF(M94:M94,"Pass")>0,"Pass","")))) | P94: 카테고리는 작품의 속성이고 한 작품이 여럿을 가집니다(§8-6). 대표는 배열의 첫 항목입니다 | Q94: TC-DSC-026 | R94: 결정적 | S94: 성인 인증
B95: =ROW()-9 | C95: 홈 화면 | D95: 카테고리 탭 | E95: 카테고리 인기 신작 | F95: 계정 A로 로그인해 카테고리 칩 화면을 연 상태 | G95: 1 | H95: 카테고리 인기 신작 섹션 확인한다 | I95: 그 카테고리를 가진 작품만 모수로 잡힌다 | J95: 공통 | K95: Medium | L95: =IF(COUNTIF(M95:M95,"Fail")>0,"Fail",IF(COUNTIF(M95:M95,"Blocked")>0,"Blocked",IF(COUNTIF(M95:M95,"NI")>0,"NI",IF(COUNTIF(M95:M95,"Pass")>0,"Pass","")))) | P95: §8-5의 떠오르는 신작과 식이 같고 모수만 카테고리로 좁힌 것입니다 | Q95: TC-DSC-027 | R95: 결정적 | S95: 성인 인증
B96: =ROW()-9 | C96: 홈 화면 | D96: 카테고리 탭 | E96: 카테고리 인기 신작 | I96: 떠오르는 신작과 같은 선정식이 적용된다 | J96: 공통 | K96: Medium | L96: =IF(COUNTIF(M96:M96,"Fail")>0,"Fail",IF(COUNTIF(M96:M96,"Blocked")>0,"Blocked",IF(COUNTIF(M96:M96,"NI")>0,"NI",IF(COUNTIF(M96:M96,"Pass")>0,"Pass","")))) | Q96: TC-DSC-027 | R96: 결정적 | S96: 성인 인증
B97: =ROW()-9 | C97: 홈 화면 | D97: 카테고리 탭 | E97: 함께 보는 카테고리 AND 필터 | F97: 계정 A로 로그인해 로맨스 칩 화면을 연 상태 | G97: 1 | H97: 후회 칩 선택한다 | I97: 로맨스와 후회를 모두 가진 작품만 노출된다 | J97: 공통 | K97: Medium | L97: =IF(COUNTIF(M97:M97,"Fail")>0,"Fail",IF(COUNTIF(M97:M97,"Blocked")>0,"Blocked",IF(COUNTIF(M97:M97,"NI")>0,"NI",IF(COUNTIF(M97:M97,"Pass")>0,"Pass","")))) | P97: OR가 아니라 AND입니다. 로맨스의 함께 보는 카테고리는 집착·소꿉친구·계약연애·후회입니다(§8-6) | Q97: TC-DSC-028 | R97: 결정적 | S97: 성인 인증
B98: =ROW()-9 | C98: 홈 화면 | D98: 카테고리 탭 | E98: AND 필터 결과 0건 안내 | F98: 계정 A로 로그인해 로맨스 칩 화면을 연 상태 | G98: 1 | H98: 겹치는 작품이 없는 함께 보는 카테고리 칩 선택한다 | I98: 결과 0건 안내 노출된다 | J98: 공통 | K98: Low | L98: =IF(COUNTIF(M98:M98,"Fail")>0,"Fail",IF(COUNTIF(M98:M98,"Blocked")>0,"Blocked",IF(COUNTIF(M98:M98,"NI")>0,"NI",IF(COUNTIF(M98:M98,"Pass")>0,"Pass","")))) | P98: 목록만 비고 안내가 없으면 필터가 안 걸린 것인지 결과가 없는 것인지 구분되지 않습니다 | Q98: TC-DSC-029 | R98: 결정적 | S98: 성인 인증
B99: =ROW()-9 | C99: 홈 화면 | D99: 카테고리 탭 | E99: 전체 목록 정렬 전환 | F99: 계정 A로 로그인해 카테고리 칩 화면을 연 상태 | G99: 1 | H99: 최신순 선택한다 | I99: 출시일 최신순으로 정렬된다 | J99: 공통 | K99: Medium | L99: =IF(COUNTIF(M99:M99,"Fail")>0,"Fail",IF(COUNTIF(M99:M99,"Blocked")>0,"Blocked",IF(COUNTIF(M99:M99,"NI")>0,"NI",IF(COUNTIF(M99:M99,"Pass")>0,"Pass","")))) | P99: 대화순은 기간 창이 없는 누적 이용수입니다 — 랭킹의 기간 필터와 다른 축입니다 | Q99: TC-DSC-030 | R99: 결정적 | S99: 성인 인증
B100: =ROW()-9 | C100: 홈 화면 | D100: 카테고리 탭 | E100: 전체 목록 정렬 전환 | G100: 2 | H100: 대화순 선택한다 | I100: 누적 이용수 순으로 정렬된다 | J100: 공통 | K100: Medium | L100: =IF(COUNTIF(M100:M100,"Fail")>0,"Fail",IF(COUNTIF(M100:M100,"Blocked")>0,"Blocked",IF(COUNTIF(M100:M100,"NI")>0,"NI",IF(COUNTIF(M100:M100,"Pass")>0,"Pass","")))) | Q100: TC-DSC-030 | R100: 결정적 | S100: 성인 인증
B101: =ROW()-9 | C101: 홈 화면 | D101: 캐릭터 카드 | E101: 카드 구성 네 줄 | F101: 계정 A로 로그인한 상태 | G101: 1 | H101: 홈 화면의 캐릭터 카드 확인한다 | I101: 이미지 자리·페이지 제목·보조 설명·제작자 네 줄로 구성된다 | J101: 공통 | K101: Low | L101: =IF(COUNTIF(M101:M101,"Fail")>0,"Fail",IF(COUNTIF(M101:M101,"Blocked")>0,"Blocked",IF(COUNTIF(M101:M101,"NI")>0,"NI",IF(COUNTIF(M101:M101,"Pass")>0,"Pass","")))) | P101: 지표를 카드에 두지 않는 것이 스펙입니다(§8-4-1) — 서비스 화면을 그대로 두고 정렬 근거는 테스트 설비로만 켭니다 | Q101: TC-DSC-031 | R101: 결정적 | S101: 성인 인증
...

Sheet Summary
B2: 커버리지 요약
B3: Test Case 시트를 참조하는 수식으로 자동 집계됩니다. 행을 추가하면 아래 범위를 넓히세요.
B4: 기준 골격 버전 | C4: qa-lab-miyonchat-tree-v1.13
B5: 1-Depth (영역) | C5: TC 수 | D5: Priority | G5: Web
D6: High | E6: Medium | F6: Low | G6: Pass | H6: Fail | I6: Blocked | J6: Pass율
B7: 웹 진입 | C7: =COUNTIF('Test Case'!$C$10:$C$500,$B7) | D7: =COUNTIFS('Test Case'!$C$10:$C$500,$B7,'Test Case'!$K$10:$K$500,"High") | E7: =COUNTIFS('Test Case'!$C$10:$C$500,$B7,'Test Case'!$K$10:$K$500,"Medium") | F7: =COUNTIFS('Test Case'!$C$10:$C$500,$B7,'Test Case'!$K$10:$K$500,"Low") | G7: =COUNTIFS('Test Case'!$C$10:$C$500,$B7,'Test Case'!$M$10:$M$500,"Pass") | H7: =COUNTIFS('Test Case'!$C$10:$C$500,$B7,'Test Case'!$M$10:$M$500,"Fail") | I7: =COUNTIFS('Test Case'!$C$10:$C$500,$B7,'Test Case'!$M$10:$M$500,"Blocked") | J7: =IF(G7+H7=0,"",G7/(G7+H7))
B8: 전역 셸 | C8: =COUNTIF('Test Case'!$C$10:$C$500,$B8) | D8: =COUNTIFS('Test Case'!$C$10:$C$500,$B8,'Test Case'!$K$10:$K$500,"High") | E8: =COUNTIFS('Test Case'!$C$10:$C$500,$B8,'Test Case'!$K$10:$K$500,"Medium") | F8: =COUNTIFS('Test Case'!$C$10:$C$500,$B8,'Test Case'!$K$10:$K$500,"Low") | G8: =COUNTIFS('Test Case'!$C$10:$C$500,$B8,'Test Case'!$M$10:$M$500,"Pass") | H8: =COUNTIFS('Test Case'!$C$10:$C$500,$B8,'Test Case'!$M$10:$M$500,"Fail") | I8: =COUNTIFS('Test Case'!$C$10:$C$500,$B8,'Test Case'!$M$10:$M$500,"Blocked") | J8: =IF(G8+H8=0,"",G8/(G8+H8))
B9: 홈 화면 | C9: =COUNTIF('Test Case'!$C$10:$C$500,$B9) | D9: =COUNTIFS('Test Case'!$C$10:$C$500,$B9,'Test Case'!$K$10:$K$500,"High") | E9: =COUNTIFS('Test Case'!$C$10:$C$500,$B9,'Test Case'!$K$10:$K$500,"Medium") | F9: =COUNTIFS('Test Case'!$C$10:$C$500,$B9,'Test Case'!$K$10:$K$500,"Low") | G9: =COUNTIFS('Test Case'!$C$10:$C$500,$B9,'Test Case'!$M$10:$M$500,"Pass") | H9: =COUNTIFS('Test Case'!$C$10:$C$500,$B9,'Test Case'!$M$10:$M$500,"Fail") | I9: =COUNTIFS('Test Case'!$C$10:$C$500,$B9,'Test Case'!$M$10:$M$500,"Blocked") | J9: =IF(G9+H9=0,"",G9/(G9+H9))
B10: 캐릭터 페이지 | C10: =COUNTIF('Test Case'!$C$10:$C$500,$B10) | D10: =COUNTIFS('Test Case'!$C$10:$C$500,$B10,'Test Case'!$K$10:$K$500,"High") | E10: =COUNTIFS('Test Case'!$C$10:$C$500,$B10,'Test Case'!$K$10:$K$500,"Medium") | F10: =COUNTIFS('Test Case'!$C$10:$C$500,$B10,'Test Case'!$K$10:$K$500,"Low") | G10: =COUNTIFS('Test Case'!$C$10:$C$500,$B10,'Test Case'!$M$10:$M$500,"Pass") | H10: =COUNTIFS('Test Case'!$C$10:$C$500,$B10,'Test Case'!$M$10:$M$500,"Fail") | I10: =COUNTIFS('Test Case'!$C$10:$C$500,$B10,'Test Case'!$M$10:$M$500,"Blocked") | J10: =IF(G10+H10=0,"",G10/(G10+H10))
B11: 대화 프로필 화면 | C11: =COUNTIF('Test Case'!$C$10:$C$500,$B11) | D11: =COUNTIFS('Test Case'!$C$10:$C$500,$B11,'Test Case'!$K$10:$K$500,"High") | E11: =COUNTIFS('Test Case'!$C$10:$C$500,$B11,'Test Case'!$K$10:$K$500,"Medium") | F11: =COUNTIFS('Test Case'!$C$10:$C$500,$B11,'Test Case'!$K$10:$K$500,"Low") | G11: =COUNTIFS('Test Case'!$C$10:$C$500,$B11,'Test Case'!$M$10:$M$500,"Pass") | H11: =COUNTIFS('Test Case'!$C$10:$C$500,$B11,'Test Case'!$M$10:$M$500,"Fail") | I11: =COUNTIFS('Test Case'!$C$10:$C$500,$B11,'Test Case'!$M$10:$M$500,"Blocked") | J11: =IF(G11+H11=0,"",G11/(G11+H11))
B12: 대화방 | C12: =COUNTIF('Test Case'!$C$10:$C$500,$B12) | D12: =COUNTIFS('Test Case'!$C$10:$C$500,$B12,'Test Case'!$K$10:$K$500,"High") | E12: =COUNTIFS('Test Case'!$C$10:$C$500,$B12,'Test Case'!$K$10:$K$500,"Medium") | F12: =COUNTIFS('Test Case'!$C$10:$C$500,$B12,'Test Case'!$K$10:$K$500,"Low") | G12: =COUNTIFS('Test Case'!$C$10:$C$500,$B12,'Test Case'!$M$10:$M$500,"Pass") | H12: =COUNTIFS('Test Case'!$C$10:$C$500,$B12,'Test Case'!$M$10:$M$500,"Fail") | I12: =COUNTIFS('Test Case'!$C$10:$C$500,$B12,'Test Case'!$M$10:$M$500,"Blocked") | J12: =IF(G12+H12=0,"",G12/(G12+H12))
B13: 채팅 탭 | C13: =COUNTIF('Test Case'!$C$10:$C$500,$B13) | D13: =COUNTIFS('Test Case'!$C$10:$C$500,$B13,'Test Case'!$K$10:$K$500,"High") | E13: =COUNTIFS('Test Case'!$C$10:$C$500,$B13,'Test Case'!$K$10:$K$500,"Medium") | F13: =COUNTIFS('Test Case'!$C$10:$C$500,$B13,'Test Case'!$K$10:$K$500,"Low") | G13: =COUNTIFS('Test Case'!$C$10:$C$500,$B13,'Test Case'!$M$10:$M$500,"Pass") | H13: =COUNTIFS('Test Case'!$C$10:$C$500,$B13,'Test Case'!$M$10:$M$500,"Fail") | I13: =COUNTIFS('Test Case'!$C$10:$C$500,$B13,'Test Case'!$M$10:$M$500,"Blocked") | J13: =IF(G13+H13=0,"",G13/(G13+H13))
B14: MY 탭 | C14: =COUNTIF('Test Case'!$C$10:$C$500,$B14) | D14: =COUNTIFS('Test Case'!$C$10:$C$500,$B14,'Test Case'!$K$10:$K$500,"High") | E14: =COUNTIFS('Test Case'!$C$10:$C$500,$B14,'Test Case'!$K$10:$K$500,"Medium") | F14: =COUNTIFS('Test Case'!$C$10:$C$500,$B14,'Test Case'!$K$10:$K$500,"Low") | G14: =COUNTIFS('Test Case'!$C$10:$C$500,$B14,'Test Case'!$M$10:$M$500,"Pass") | H14: =COUNTIFS('Test Case'!$C$10:$C$500,$B14,'Test Case'!$M$10:$M$500,"Fail") | I14: =COUNTIFS('Test Case'!$C$10:$C$500,$B14,'Test Case'!$M$10:$M$500,"Blocked") | J14: =IF(G14+H14=0,"",G14/(G14+H14))
B15: 재화 | C15: =COUNTIF('Test Case'!$C$10:$C$500,$B15) | D15: =COUNTIFS('Test Case'!$C$10:$C$500,$B15,'Test Case'!$K$10:$K$500,"High") | E15: =COUNTIFS('Test Case'!$C$10:$C$500,$B15,'Test Case'!$K$10:$K$500,"Medium") | F15: =COUNTIFS('Test Case'!$C$10:$C$500,$B15,'Test Case'!$K$10:$K$500,"Low") | G15: =COUNTIFS('Test Case'!$C$10:$C$500,$B15,'Test Case'!$M$10:$M$500,"Pass") | H15: =COUNTIFS('Test Case'!$C$10:$C$500,$B15,'Test Case'!$M$10:$M$500,"Fail") | I15: =COUNTIFS('Test Case'!$C$10:$C$500,$B15,'Test Case'!$M$10:$M$500,"Blocked") | J15: =IF(G15+H15=0,"",G15/(G15+H15))
B16: 스텁·정적 | C16: =COUNTIF('Test Case'!$C$10:$C$500,$B16) | D16: =COUNTIFS('Test Case'!$C$10:$C$500,$B16,'Test Case'!$K$10:$K$500,"High") | E16: =COUNTIFS('Test Case'!$C$10:$C$500,$B16,'Test Case'!$K$10:$K$500,"Medium") | F16: =COUNTIFS('Test Case'!$C$10:$C$500,$B16,'Test Case'!$K$10:$K$500,"Low") | G16: =COUNTIFS('Test Case'!$C$10:$C$500,$B16,'Test Case'!$M$10:$M$500,"Pass") | H16: =COUNTIFS('Test Case'!$C$10:$C$500,$B16,'Test Case'!$M$10:$M$500,"Fail") | I16: =COUNTIFS('Test Case'!$C$10:$C$500,$B16,'Test Case'!$M$10:$M$500,"Blocked") | J16: =IF(G16+H16=0,"",G16/(G16+H16))
B17: 합계 | C17: =SUM(C7:C16) | D17: =SUM(D7:D16) | E17: =SUM(E7:E16) | F17: =SUM(F7:F16) | G17: =SUM(G7:G16) | H17: =SUM(H7:H16) | I17: =SUM(I7:I16) | J17: =IF(G17+H17=0,"",G17/(G17+H17)) | K17: =SUM(K7:K16)
B19: TC 수 = 스텝 행 수(1-Depth 기준) · Pass/Fail/Blocked도 같은 행 단위(Result 열) · Pass율 = Pass ÷ (Pass + Fail) — NI·Blocked는 분모에서 제외합니다

Sheet 이슈 관리 시트
B2: 프로젝트 ID | C2: Issue No. | D2: 이슈 상태 | E2: 요약(Summary) | F2: 설명 | G2: 우선순위 | H2: 빈도 | I2: 영향 받는 버전 | J2: 수정 버전 | K2: 해결책 | L2: 환경 | M2: 레이블 | N2: 보고자 | O2: 담당자 | P2: 관측자 | Q2: 첨부파일 | R2: 스프린트 | S2: 이슈 등록일 | T2: 이슈 최종 수정일자 | U2: 이슈 상태 최종 변경일자
B3: miyonchat | C3: miyonchat-1 | D3: Resolved | E3: 디버그 콘솔 > 전체 초기화(reset) 수행 > 계정 A 로그인 시, 성인 인증이 해제된 상태로 시작됨 | F3: Pre-condition: SUT 진입 Reproduce Step: 디버그 콘솔 열기 > [전체 초기화] 선택 > 계정 A로 로그인 > 간편 프로필 확인 Actual Result: "성인 미인증"으로 표시되고 언세이프 게이트가 열리지 않음 Expected Result: 계정 A는 기본값이 성인 인증 완료이므로 "성인 인증 완료"로 표시되어야 함 QA Comment: 계정 상태 생성 함수에 계정 식별자를 전달하지 않아 기본값 판정이 항상 거짓이 됨. 자동화가 매 테스트 전 reset()을 호출하는 구조라, 남아 있으면 게이팅 계열 TC 전체가 미인증 상태에서 실행되어 결과를 신뢰할 수 없음 | G3: High | H3: Always | I3: PC웹_Ver1.0_Dev_RC1 | J3: PC웹_Ver1.0_Dev_RC2 | K3: Fixed | L3: PC웹 | M3: 계정/게이팅 | N3: 정준호 | O3: Claude Opus 5 | R3: PC웹_Ver1.0_Dev | S3: 2026-08-02 | T3: 2026-08-02 | U3: 2026-08-02

Sheet 목록
B2: 프로젝트 | C2: 실행 주체 | D2: 상태 | E2: 이슈 상태 | F2: 우선순위 | G2: 빈도 | H2: 버전(영향/수정 공용) | I2: 해결책 | J2: 환경 | K2: 레이블 | L2: 보고자 | M2: 담당자 | N2: 스프린트
B3: miyonchat | C3: 자동화 전용 | D3: 미로그인 | E3: Open | F3: High | G3: Always | H3: PC웹_Ver1.0_Dev_RC1 | I3: Fixed | J3: PC웹 | K3: 앱 진입/세션 | L3: 정준호 | M3: Claude Opus 5 | N3: PC웹_Ver1.0_Dev
C4: 공통 | D4: 본인인증 미진행 | E4: In Progress | F4: Medium | G4: Often | H4: PC웹_Ver1.0_Dev_RC2 | I4: Won't Do | K4: 계정/게이팅 | N4: PC웹_Ver1.0_RT1
C5: 사람 전용 | D5: 성인 인증 | E5: Resolved | F5: Low | G5: Sometimes | H5: PC웹_Ver1.0_Dev_RC3 | I5: Won't Fix | K5: 탐색/발견
D6: 미성년 | E6: Reopen | G6: Once | H6: PC웹_Ver1.0_RT1_RC1 | I6: Duplicate | K6: 유저 페르소나
D7: 세션 만료 | E7: Closed | I7: Incomplete | K7: 재화
I8: Cannot Reproduce | K8: 서사 시스템
I9: Done | K9: 대화 세션
I10: Declined | K10: 세이브/로드
K11: 메모리/컨텍스트
K12: 입력/출력 세이프티

Sheet 명세서
B2: 명세서 — 시트 규칙 정본
B3: 이 시트가 구조 규칙의 정본입니다. rules/tc-sheet-format.md와 짝으로 교차 검증하며, 불일치 발견 시 임의 판단 없이 사용자에게 기준을 확인합니다. 서식(색·테두리·폰트)의 정본은 design-template/xlsx-design-guide.md입니다.
B5: 1. 시트 구성
B6: 시트 | C6: 역할
B7: Test Case | C7: TC 작성과 실행 기록. 노란 셀은 실행 단계에서 채워집니다
B8: Summary | C8: 행 단위 자동 집계(1-Depth 기준). 기준 골격 버전(C4)은 생성 시 자동 기입됩니다
B9: 이슈 관리 시트 | C9: 결함 기록(내장 운영, JIRA 미사용) — JIRA 이슈 등록·관리 방식을 시트로 표현. Issue No.로 Test Case와 연결합니다. 정본은 별도 파일 test-case/{프로젝트}-issues.json이며 이 시트는 그 파생입니다
B10: 목록 | C10: 드롭다운 참조 목록의 정본. 숨기지 않고 맨 뒤에 둡니다
B11: 명세서 | C11: 이 시트 — 구조 규칙의 정본
B13: 2. 컬럼 정의 (Test Case)
B14: 컬럼 | C14: 내용 | D14: 채우는 규칙
B15: No | C15: 행 번호 | D15: 자동 수식(ROW() 기준). 직접 입력하지 않습니다
B16: 1~7-Depth | C16: 기능 계층 | D16: 행마다 반복(기대결과 추가 행 포함 — 집계·필터의 전제). 의미 있는 깊이까지만 쓰고 나머지는 빈칸. 병합하지 않습니다
B17: Pre-Condition | C17: 사전조건 | D17: TN 1행에 케이스 진입 조건. 중간 스텝에 앞 스텝이 만들지 못하는 새 상태(시간 경과·외부 변화 등)가 필요하면 그 행에도 적습니다 — 앞 스텝의 결과로 성립한 상태는 제외. 같은 조건이 걸리는 스텝 행 범위는 세로 병합하되 케이스 전체 병합은 금지
B18: TN | C18: 스텝 번호 | D18: 케이스마다 1부터. 새 케이스가 시작되면 1로 복귀. 한 스텝의 기대결과가 여러 행이면(TN 값 무관) Test-Step과 함께 그 범위를 세로 병합합니다 — 반복 기재하면 독립 동작 여러 개로 오독됩니다
B19: Test-Step | C19: 수행 동작 | D19: 「~한다」 체. TN과 같은 범위로 세로 병합
B20: Expected-Result | C20: 기대 결과 | D20: 「~된다」 체. 판정 가능한 문장 — 임계·합격선·시도 횟수는 문장 안에 숫자로. 한 행 = 한 판정이므로 병합하지 않습니다
B21: 실행 주체 | C21: 누가 수행하는가 | D21: 행마다 반복(드롭다운 3종). 자동화 전용 = 사람이 화면만 봐서 판정 불가 / 사람 전용 = 자동화가 판정 기준을 못 세움 / 공통 = 기본값. 반복 횟수는 판정 근거가 아니며 「사람이 1회 봐도 의미가 있는가」로 갈립니다
B22: Priority | C22: 우선순위 | D22: 행마다 반복. High/Medium/Low — 케이스의 속성이지만 Summary가 행 단위로 집계하므로 행마다 값을 둡니다
B23: Total Result | C23: 행 판정 | D23: 수식 열. 병합하지 않고 데이터 한 행씩 세웁니다 — 같은 플랫폼에 단말이 여럿일 때 그 행의 단말 결과를 요약합니다. 직접 입력하지 않습니다
B24: Result | C24: 스텝 실행 결과 | D24: 드롭다운 4종(아래 상태값 정의). 실행 단계에서 채움 — 노란 셀
B25: Issue No. | C25: 관련 이슈 | D25: 해당 TC를 수행하는 과정에서 이슈가 발생하면, 먼저 이슈 관리 시트에 이슈를 등록하고 거기서 부여된 Issue No.를 이 칸에 적습니다. 실행 단계에서 채움 — 노란 셀
... B30: 상태 | C30: 케이스가 밟는 게이팅·세션 상태 (2026-08-04 신설) | D30: 행마다 반복. 값 5종은 목록 시트가 정본이고 복수 상태는 쉼표로 적습니다(전환 케이스 — 드롭다운을 걸지 않는 이유). 자동 필터를 「포함」 조건으로 걸어 상태별 TC를 추출하고, 트리의 [상태:] 선언과 맞물려 잎×상태 커버리지를 대조합니다
B32: 3. 상태값 정의
B33: 상태 | C33: 정의 | D33: Pass율 분모
B34: Pass | C34: 성공 | D34: 포함
B35: Fail | C35: 실패 | D35: 포함
B36: NI | C36: 미구현이거나 스펙에 없어 실행 대상이 아님 (Not Implemented) | D36: 제외
B37: Blocked | C37: 기능은 구현됐으나 확인할 수 없는 상태 — 선행 케이스 Fail·환경 결함·데이터 준비 불가 등. 사유는 실행 과정에서 Comment에 적습니다 | D37: 제외
B38: Pass율 = Pass ÷ (Pass + Fail). NI·Blocked를 분모에 넣지 않는 이유는 결함 1건이 후속 Blocked 수만큼 중복 계상되는 것을 막기 위해서입니다.
B40: 4. Total Result 규칙
B41: 항목 | C41: 규칙
B42: 우선순위 | C42: Fail > Blocked > NI > Pass — 스텝 중 하나라도 Fail이면 케이스 Fail
B43: 수식 원형 | C43: IF(COUNTIF(범위,"Fail")>0,"Fail",IF(COUNTIF(범위,"Blocked")>0,"Blocked",IF(COUNTIF(범위,"NI")>0,"NI",IF(COUNTIF(범위,"Pass")>0,"Pass","")))) — 셀에는 앞에 = 를 붙여 사용합니다. 아무것도 실행되지 않은 케이스는 빈칸입니다
B44: 병합 | C44: 하지 않습니다 — 데이터 한 행씩 세웁니다. 같은 플랫폼에 단말이 여럿일 때 그 행의 단말 결과를 하나로 요약하는 자리입니다
B46: 5. TC ID 체계
B47: 항목 | C47: 규칙
B48: 형식 | C48: TC-{영역코드}-{번호 3자리} — 예: TC-ENT-001
B49: 번호 | C49: 영역 안에서만 증가합니다. 다른 영역에 케이스가 추가돼도 기존 ID가 흔들리지 않습니다
B50: 영역코드 | C50: 기능 트리 1-Depth당 하나. 프로젝트별 매핑표는 아래 §5-1이며, 정의가 없는 프로젝트에서는 그 절이 나오지 않습니다
B51: 기재 위치 | C51: Note의 첫 토큰(케이스 메타의 맨 앞). 자동화 케이스명·추적 매트릭스·이슈 연결이 이 ID를 참조합니다. Comment는 설계 시점에 비어 있는 실행 기록 칸이므로 설계 데이터를 두지 않습니다
B53: 5-1. 영역코드 매핑
B54: 키는 기능 트리 1-Depth 영역명이며, 이슈 관리 시트 「레이블」 목록과 같은 값을 씁니다. 코드는 영문 표기의 앞 세 글자이고, 한 영역에 하나씩만 둡니다. 정본은 TC 설계 입력(tc-input json)의 area_codes입니다.
B55: 영역 (기능 트리 1-Depth) | C55: 코드 | D55: 영문 표기 | E55: TC ID 예
B56: 앱 진입/세션 | C56: ENT | D56: Entry & Session | E56: TC-ENT-001
B57: 계정/게이팅 | C57: GAT | D57: Gating (account & age) | E57: TC-GAT-001
B58: 탐색/발견 | C58: DSC | D58: Discovery | E58: TC-DSC-001
B59: 유저 페르소나 | C59: PRF | D59: Profile (dialogue persona) | E59: TC-PRF-001
B60: 재화 | C60: CUR | D60: Currency | E60: TC-CUR-001
B61: 서사 시스템 | C61: NAR | D61: Narrative | E61: TC-NAR-001
B62: 대화 세션 | C62: CHT | D62: Chat session | E62: TC-CHT-001
B63: 세이브/로드 | C63: SAV | D63: Save & Load | E63: TC-SAV-001
B64: 메모리/컨텍스트 | C64: MEM | D64: Memory & Context | E64: TC-MEM-001
B65: 입력/출력 세이프티 | C65: SAF | D65: Safety (input & output) | E65: TC-SAF-001
B67: 6. 플랫폼 열 규칙
B68: 항목 | C68: 규칙
B69: 기본값 | C69: 마스터는 Web / And / iOS 3열
B70: 프로젝트 조정 | C70: TC 설계 시작 시 대상 플랫폼을 사용자에게 재확인하고, Test Case의 Total Result·Result 하위 열과 Summary의 플랫폼 열을 함께 조정합니다
B72: 7. 입력 규칙
B73: 항목 | C73: 규칙
B74: 실행 채움 셀(노랑) | C74: 설계 시점에는 비어 있고 실행 단계에서 채워지는 칸 — 환경 블록·Result·Issue No.·Comment. 채우는 주체가 사람이든 자동화든 설계자는 건드리지 않습니다. 설계 데이터는 노란 칸에 두지 않습니다
B75: 설계 셀 | C75: Depth·절차·기대결과는 실행 중 수정하지 않습니다
B76: 틀 고정 | C76: 데이터 첫 행 위. 스크롤해도 2행 제목·헤더·환경 블록이 남으며, 그 구간은 회색(#BFBFBF)과 Total/Result 띠(#F9D7BE)로 데이터와 갈라 둡니다. A열과 1행은 값도 색도 두지 않습니다
B77: 자동 필터 | C77: 헤더 행에 걸어 둡니다. 실행 주체·검증유형·Priority처럼 케이스 단위 값으로 거르면 한 케이스의 행이 통째로 남거나 빠져 스텝 범위 병합이 깨지지 않습니다. Result 같은 행 단위 값으로 거르면 케이스 중간이 잘려 병합이 어색해집니다
B78: 뎁스 채움 색 | C78: 뎁스 열의 값 있는 셀만 텍스트별 고유색으로 채웁니다 — 같은 텍스트는 같은 색, 인접한 다른 텍스트와는 색상환에서 멀어지게 배정. 케이스명 칸과 빈칸은 흰 배경. 규칙 정본은 xlsx-design-guide.md §5
B79: 기준 골격 버전 | C79: Summary C4에 생성 스크립트가 자동 기입합니다 — 형식 {프로젝트}-tree-v{X.Y}. TC 설계 입력(tc-input json)의 값을 그대로 쓰므로 사람이 옮겨 적지 않습니다
B81: 8. 컬럼 정의 (이슈 관리 시트)
B82: 이슈 기록의 정본은 test-case/{프로젝트}-issues.json입니다. TC 설계 원본과 파일을 나눈 이유는 크기가 아니라 생명주기입니다 — TC 세트는 확정되면 고정되지만 이슈는 실행하면서 계속 늘고 상태가 바뀌므로, 한 파일에 두면 이슈 갱신 때마다 설계 원본이 변경되어 확정 시점이 흐려집니다.
B83: 컬럼 | C83: 내용 | D83: 채우는 규칙
B84: 프로젝트 ID | C84: 프로젝트 식별자 | D84: SUT명 기준. 목록 시트 참조
B85: Issue No. | C85: 발생한 이슈의 식별자 | D85: 발생한 이슈를 등록하며 부여합니다 — {프로젝트}-{생성 번호순} (1 > 2 > 3 > …). TC 수행 중 발생한 이슈라면 이 번호를 Test Case 시트의 Issue No.에 적어 잇습니다
B86: 이슈 상태 | C86: 이슈의 현재 상태 | D86: Open: 열린 상태(재현됨) / In Progress: 담당자가 수정 진행 중 / Resolved: 해결됨 / Reopen: 해결된 이슈가 재현되어 다시 엶 / Closed: 재현되지 않아 닫음
B87: 요약(Summary) | C87: 이슈 제목 | D87: 재현 경로 요약 — 문단 구분은 ">", 마지막은 무엇이 잘못됐는지 수동태로. ex) rules/ 폴더 이동 > A.md 실행 시, 크래시 발생됨
B88: 설명 | C88: 재현 방법 상세 | D88: Pre-condition(사전 조건) / Reproduce Step(재현 스텝) / Actual Result(실제 결과, ~됨) / Expected Result(기대 결과, ~되어야 함) / QA Comment(참고) 순서로 작성
B89: 우선순위 | C89: 이슈 심각도 | D89: High: 크래시·진입 불가 등 치명 / Medium: 진입은 되나 기능 미동작 / Low: 문구·표기 오류
B90: 빈도 | C90: 발생 빈도 | D90: Always: 항상 / Often: 종종(70% 이상) / Sometimes: 가끔(70% 미만) / Once: 1회만
B91: 영향 받는 버전 | C91: 이슈가 재현되는 빌드 | D91: {테스트환경}_{개발목표버전}_{스프린트}_{확인버전} 네 토막. 테스트환경=어디서 확인했는가(PC웹) / 개발목표버전=무엇을 향해 개발 중인가(Ver1.0) / 스프린트=그 목표 버전의 주 목표(Dev, RT1=Release Train 1차) / 확인버전=그 시점의 RC 빌드(RC=Release Candidate). ex) PC웹_Ver1.0_Dev_RC1 · PC웹_Ver1.1_RT1_RC1. 목록 시트 참조(수정 버전과 공용). 확인버전은 검증 대상 빌드가 바뀔 때마다 올리며, SUT를 직접 만드는 프로젝트는 그 값을 SUT 푸터에 표시합니다
B92: 수정 버전 | C92: 이슈가 수정된 버전 | D92: 영향 받는 버전과 같은 목록을 사용합니다
B93: 해결책 | C93: 수정 방향 | D93: Fixed: 코드 수정으로 대응 / Won't Do: 환경·기술 지원 불가로 미대응 / Won't Fix: 수정 필요하나 지금은 안 함 / Duplicate: 동일 건 존재 / Incomplete: 이슈 자체가 잘못됨 / Cannot Reproduce: 재현 불가 / Done: 기획·정책 결정으로 이슈 아님 확정 / Declined(QA Only): QA선에서 이슈로 보지 않음
B94: 환경 | C94: 발생 디바이스 | D94: PC웹 / Android / iOS
... B103: 이슈 상태 최종 변경일자 | C103: 상태 최종 변경일 | D103: YYYY-MM-DD. 이슈 상태가 바뀔 때 갱신
B105: 9. 목록 시트 규칙
B106: 항목 | C106: 규칙
B107: 지위 | C107: 드롭다운 참조의 정본 — 전 시트의 데이터 검증이 이 시트를 참조합니다
B108: 노출 | C108: 숨기지 않고 맨 뒤 배치 — 값 체계 자체가 전시물입니다
B109: 갱신 | C109: 항목 추가는 행 추가로. 명칭 변경은 목록만 교체하고 기존 데이터 행은 소급 변경하지 않습니다(검증은 신규 입력에만 작동)
B110: 레이블 동기 | C110: 기능 트리 개정 시 레이블 목록을 함께 갱신합니다(정본 수정 체크리스트 연동)
